<?xml version="1.0" encoding="UTF-8"?>
<!DOCTYPE mapper PUBLIC "-//mybatis.org//DTD Mapper 3.0//EN" "http://www.mybatis.org/dtd/mybatis-3-mapper.dtd">
<mapper namespace="pub.developers.forum.infrastructure.dal.dao.SearchDAO">

    <resultMap id="resultMap" type="pub.developers.forum.infrastructure.dal.dataobject.SearchDO">
        <id column="id" property="id"/>
        <id column="is_delete" property="isDelete"/>
        <id column="create_at" property="createAt"/>
        <id column="update_at" property="updateAt"/>

        <result column="type" property="type"/>
        <result column="entity_id" property="entityId"/>
        <result column="title" property="title"/>
        <result column="content" property="content"/>
    </resultMap>

    <sql id="all_column">
        id, is_delete, create_at, update_at,
        type, entity_id, title, content
    </sql>

    <sql id="table_name">forum_search</sql>

    <sql id="where_clause_do" >
        <trim prefix="where" prefixOverrides="and|or" >
            <if test="type != null">
                and type = #{type}
            </if>
            <if test="entityId != null">
                and entity_id = #{entityId}
            </if>
            <if test="title != null">
                and title like concat('%', #{title}, '%')
            </if>
            <if test="content != null">
                and content like concat('%', #{content}, '%')
            </if>
        </trim>
    </sql>

    <insert id="insert" useGeneratedKeys="true" keyColumn="id" keyProperty="id" parameterType="pub.developers.forum.infrastructure.dal.dataobject.SearchDO">
        INSERT INTO <include refid="table_name"/>
        ( type, entity_id, title, content, create_at )
        VALUES
        (
        #{type},
        #{entityId},
        #{title},
        #{content},
        #{createAt}
        )
    </insert>

    <select id="query" parameterType="pub.developers.forum.infrastructure.dal.dataobject.SearchDO" resultMap="resultMap">
        SELECT <include refid="all_column"/>
        FROM <include refid="table_name"/>
        where type = #{type}
        and (
            title like concat('%', #{title}, '%')
            or content like concat('%', #{content}, '%')
        )
        ORDER BY create_at DESC
    </select>

    <delete id="delete">
        delete FROM <include refid="table_name"/>
        where entity_id = #{entityId}
        and type = #{type}
    </delete>

</mapper>